Cottage,Price
Les Landes de Gascogne,249 €
Les Trois Forêts,309 €
Le Lac d'Ailette,209 €
Les Bois-Francs,159 €
Les Hauts de Bruyères,189 €
Le Bois aux Daims,199 €
Villages Nature® Paris,239 €
Les Landes de Gascogne,249 €
Les Trois Forêts,309 €
Le Lac d'Ailette,209 €
Les Bois-Francs,159 €
Les Hauts de Bruyères,189 €
Le Bois aux Daims,199 €
Villages Nature® Paris,239 €
Les Landes de Gascogne,249 €
Les Trois Forêts,309 €
Le Lac d'Ailette,209 €
Les Bois-Francs,159 €
Les Hauts de Bruyères,189 €
Le Bois aux Daims,199 €
Villages Nature® Paris,239 €
Les Landes de Gascogne,249 €
Les Trois Forêts,309 €
Le Lac d'Ailette,209 €
Les Bois-Francs,159 €
Les Hauts de Bruyères,189 €
Le Bois aux Daims,199 €
Villages Nature® Paris,239 €
Les Landes de Gascogne,249 €
Les Trois Forêts,309 €
Le Lac d'Ailette,209 €
Les Bois-Francs,159 €
Les Hauts de Bruyères,189 €
Le Bois aux Daims,199 €
Villages Nature® Paris,239 €
Les Landes de Gascogne,249 €
Les Trois Forêts,309 €
Le Lac d'Ailette,209 €
Les Bois-Francs,159 €
Les Hauts de Bruyères,189 €
Le Bois aux Daims,199 €
Villages Nature® Paris,239 €
Les Landes de Gascogne,249 €
Les Trois Forêts,309 €
Le Lac d'Ailette,209 €
Les Bois-Francs,159 €
Les Hauts de Bruyères,189 €
Le Bois aux Daims,199 €
Villages Nature® Paris,239 €
Les Landes de Gascogne,249 €
Les Trois Forêts,309 €
Le Lac d'Ailette,209 €
Les Bois-Francs,159 €
Les Hauts de Bruyères,189 €
Le Bois aux Daims,199 €
Villages Nature® Paris,239 €
Les Landes de Gascogne,249 €
Les Trois Forêts,309 €
Le Lac d'Ailette,209 €
Les Bois-Francs,159 €
Les Hauts de Bruyères,189 €
Le Bois aux Daims,199 €
Villages Nature® Paris,239 €
Les Landes de Gascogne,249 €
Les Trois Forêts,309 €
Le Lac d'Ailette,209 €
Les Bois-Francs,159 €
Les Hauts de Bruyères,189 €
Le Bois aux Daims,199 €
Villages Nature® Paris,239 €
Les Trois Forêts,3139 €
Le Bois aux Daims,1119 €
Les Landes de Gascogne,1889 €
Les Trois Forêts,1179 €
Le Lac d'Ailette,1759 €
Les Hauts de Bruyères,1149 €
Le Bois aux Daims,1119 €
Les Landes de Gascogne,1709 €
Les Trois Forêts,1009 €
Le Lac d'Ailette,1239 €
Les Hauts de Bruyères,1269 €
Le Bois aux Daims,1199 €
Villages Nature® Paris,809 €
Les Landes de Gascogne,1709 €
Les Trois Forêts,1009 €
Le Lac d'Ailette,1239 €
Les Bois-Francs,1329 €
Les Hauts de Bruyères,1269 €
Le Bois aux Daims,1199 €
Villages Nature® Paris,809 €
Les Landes de Gascogne,2169 €
Les Trois Forêts,1009 €
Le Lac d'Ailette,1239 €
Les Bois-Francs,1329 €
Les Hauts de Bruyères,1269 €
Le Bois aux Daims,1199 €
Villages Nature® Paris,809 €
Villages Nature® Paris,689 €
Les Landes de Gascogne,869 €
Les Trois Forêts,809 €
Le Lac d'Ailette,759 €
Les Bois-Francs,449 €
Les Hauts de Bruyères,839 €
Le Bois aux Daims,1029 €
Villages Nature® Paris,589 €
Les Landes de Gascogne,3299 €
Les Trois Forêts,809 €
Le Lac d'Ailette,759 €
Les Bois-Francs,449 €
Les Hauts de Bruyères,839 €
Le Bois aux Daims,1029 €
Villages Nature® Paris,589 €
Les Landes de Gascogne,1029 €
Les Trois Forêts,889 €
Le Lac d'Ailette,1019 €
Les Bois-Francs,549 €
Les Hauts de Bruyères,1159 €
Le Bois aux Daims,929 €
Villages Nature® Paris,569 €
Les Landes de Gascogne,1029 €
Les Trois Forêts,889 €
Le Lac d'Ailette,1019 €
Les Bois-Francs,549 €
Les Hauts de Bruyères,1159 €
Le Bois aux Daims,929 €
Villages Nature® Paris,569 €
Les Landes de Gascogne,919 €
Les Trois Forêts,889 €
Le Lac d'Ailette,1019 €
Les Bois-Francs,549 €
Les Hauts de Bruyères,1159 €
Le Bois aux Daims,929 €
Villages Nature® Paris,569 €
Les Bois-Francs,459 €
Villages Nature® Paris,519 €
Les Landes de Gascogne,489 €
Les Trois Forêts,679 €
Le Lac d'Ailette,549 €
Les Bois-Francs,379 €
Les Hauts de Bruyères,779 €
Le Bois aux Daims,659 €
Villages Nature® Paris,489 €
Les Landes de Gascogne,489 €
Les Trois Forêts,679 €
Le Lac d'Ailette,549 €
Les Bois-Francs,379 €
Les Hauts de Bruyères,779 €
Le Bois aux Daims,659 €
Villages Nature® Paris,489 €
Les Trois Forêts,389 €
Le Lac d'Ailette,339 €
Les Bois-Francs,269 €
Les Hauts de Bruyères,279 €
Le Bois aux Daims,319 €
Villages Nature® Paris,339 €
Les Trois Forêts,389 €
Le Lac d'Ailette,339 €
Les Bois-Francs,269 €
Les Hauts de Bruyères,279 €
Le Bois aux Daims,319 €
Villages Nature® Paris,339 €
Les Landes de Gascogne,379 €
Les Trois Forêts,389 €
Le Lac d'Ailette,339 €
Les Bois-Francs,269 €
Les Hauts de Bruyères,279 €
Le Bois aux Daims,319 €
Villages Nature® Paris,339 €
Les Bois-Francs,269 €
Villages Nature® Paris,399 €
Les Landes de Gascogne,309 €
Les Trois Forêts,429 €
Le Lac d'Ailette,349 €
Les Bois-Francs,239 €
Les Hauts de Bruyères,329 €
Le Bois aux Daims,359 €
Villages Nature® Paris,419 €
Les Landes de Gascogne,309 €
Les Trois Forêts,429 €
Le Lac d'Ailette,349 €
Les Bois-Francs,239 €
Les Hauts de Bruyères,329 €
Le Bois aux Daims,359 €
Villages Nature® Paris,419 €
N,e,w, ,r,o,u,n,d, ,o,f, ,s,t,a,y,s
Les Landes de Gascogne,247 €
Les Trois Forêts,294 €
Le Lac d'Ailette,218 €
Les Bois-Francs,209 €
Les Hauts de Bruyères,259 €
Le Bois aux Daims,279 €
Villages Nature® Paris,329 €
Les Landes de Gascogne,247 €
Les Trois Forêts,294 €
Le Lac d'Ailette,218 €
Les Bois-Francs,209 €
Les Hauts de Bruyères,259 €
Le Bois aux Daims,279 €
Villages Nature® Paris,329 €
Les Landes de Gascogne,247 €
Les Trois Forêts,294 €
Le Lac d'Ailette,218 €
Les Bois-Francs,209 €
Les Hauts de Bruyères,259 €
Le Bois aux Daims,279 €
Villages Nature® Paris,329 €
Les Landes de Gascogne,247 €
Les Trois Forêts,294 €
Le Lac d'Ailette,218 €
Les Bois-Francs,209 €
Les Hauts de Bruyères,259 €
Le Bois aux Daims,279 €
Villages Nature® Paris,329 €
Les Landes de Gascogne,247 €
Les Trois Forêts,294 €
Le Lac d'Ailette,218 €
Les Bois-Francs,209 €
Les Hauts de Bruyères,259 €
Le Bois aux Daims,279 €
Villages Nature® Paris,329 €
Les Landes de Gascogne,247 €
Les Trois Forêts,294 €
Le Lac d'Ailette,218 €
Les Bois-Francs,209 €
Les Hauts de Bruyères,259 €
Le Bois aux Daims,279 €
Villages Nature® Paris,329 €
Les Landes de Gascogne,247 €
Les Trois Forêts,294 €
Le Lac d'Ailette,218 €
Les Bois-Francs,209 €
Les Hauts de Bruyères,259 €
Le Bois aux Daims,279 €
Villages Nature® Paris,329 €
Les Landes de Gascogne,247 €
Les Trois Forêts,294 €
Le Lac d'Ailette,218 €
Les Bois-Francs,209 €
Les Hauts de Bruyères,259 €
Le Bois aux Daims,279 €
Villages Nature® Paris,329 €
Les Landes de Gascogne,247 €
Les Trois Forêts,294 €
Le Lac d'Ailette,218 €
Les Bois-Francs,209 €
Les Hauts de Bruyères,259 €
Le Bois aux Daims,279 €
Villages Nature® Paris,329 €
Les Landes de Gascogne,247 €
Les Trois Forêts,294 €
Le Lac d'Ailette,218 €
Les Bois-Francs,209 €
Les Hauts de Bruyères,259 €
Le Bois aux Daims,279 €
Villages Nature® Paris,329 €
Le Bois aux Daims,2179 €
Les Trois Forêts,3489 €
Le Bois aux Daims,1239 €
Les Trois Forêts,3769 €
Les Landes de Gascogne,2189 €
Les Trois Forêts,1289 €
Le Lac d'Ailette,1589 €
Les Hauts de Bruyères,1639 €
Le Bois aux Daims,1549 €
Villages Nature® Paris,1039 €
Les Landes de Gascogne,2789 €
Les Trois Forêts,1289 €
Le Lac d'Ailette,1589 €
Les Bois-Francs,1709 €
Les Hauts de Bruyères,1639 €
Le Bois aux Daims,1549 €
Villages Nature® Paris,1039 €
Villages Nature® Paris,959 €
Les Trois Forêts,1149 €
Le Lac d'Ailette,1669 €
Les Bois-Francs,1379 €
Les Hauts de Bruyères,1319 €
Le Bois aux Daims,1509 €
Villages Nature® Paris,879 €
Les Trois Forêts,899 €
Le Lac d'Ailette,841 €
Les Bois-Francs,494 €
Les Hauts de Bruyères,929 €
Le Bois aux Daims,1129 €
Villages Nature® Paris,658 €
Les Trois Forêts,1099 €
Le Lac d'Ailette,1109 €
Les Bois-Francs,629 €
Les Hauts de Bruyères,1419 €
Le Bois aux Daims,1419 €
Villages Nature® Paris,769 €
Les Landes de Gascogne,1329 €
Les Trois Forêts,1149 €
Le Lac d'Ailette,1309 €
Les Bois-Francs,709 €
Les Hauts de Bruyères,1489 €
Le Bois aux Daims,1189 €
Villages Nature® Paris,729 €
Les Landes de Gascogne,1329 €
Les Trois Forêts,1149 €
Le Lac d'Ailette,1309 €
Les Bois-Francs,709 €
Les Hauts de Bruyères,1559 €
Le Bois aux Daims,1189 €
Villages Nature® Paris,729 €
Les Bois-Francs,639 €
Villages Nature® Paris,709 €
Les Trois Forêts,989 €
Le Lac d'Ailette,919 €
Les Bois-Francs,579 €
Les Hauts de Bruyères,1289 €
Le Bois aux Daims,1089 €
Villages Nature® Paris,679 €
Les Landes de Gascogne,540 €
Les Trois Forêts,758 €
Le Lac d'Ailette,605 €
Les Bois-Francs,422 €
Les Hauts de Bruyères,829 €
Le Bois aux Daims,728 €
Villages Nature® Paris,539 €
Les Landes de Gascogne,2619 €
Les Trois Forêts,899 €
Le Lac d'Ailette,659 €
Les Bois-Francs,469 €
Les Hauts de Bruyères,839 €
Le Bois aux Daims,749 €
Villages Nature® Paris,599 €
Les Landes de Gascogne,989 €
Les Trois Forêts,529 €
Le Lac d'Ailette,469 €
Les Bois-Francs,359 €
Les Hauts de Bruyères,379 €
Le Bois aux Daims,449 €
Villages Nature® Paris,469 €
Les Landes de Gascogne,989 €
Les Trois Forêts,529 €
Le Lac d'Ailette,469 €
Les Bois-Francs,359 €
Les Hauts de Bruyères,379 €
Le Bois aux Daims,449 €
Villages Nature® Paris,469 €
Les Bois-Francs,339 €
Villages Nature® Paris,479 €
Les Landes de Gascogne,679 €
Les Trois Forêts,579 €
Le Lac d'Ailette,479 €
Les Bois-Francs,339 €
Les Hauts de Bruyères,429 €
Le Bois aux Daims,479 €
Villages Nature® Paris,539 €
Les Landes de Gascogne,339 €
Les Trois Forêts,479 €
Le Lac d'Ailette,383 €
Les Bois-Francs,263 €
Les Hauts de Bruyères,367 €
Le Bois aux Daims,394 €
Villages Nature® Paris,462 €
Les Landes de Gascogne,519 €
Les Trois Forêts,569 €
Le Lac d'Ailette,419 €
Les Bois-Francs,299 €
Les Hauts de Bruyères,409 €
Le Bois aux Daims,429 €
Villages Nature® Paris,499 €
N,e,w, ,r,o,u,n,d, ,o,f, ,s,t,a,y,s
Les Landes de Gascogne,354 €
Les Trois Forêts,481 €
Le Lac d'Ailette,345 €
Les Bois-Francs,258 €
Les Hauts de Bruyères,319 €
Le Bois aux Daims,339 €
Villages Nature® Paris,396 €
Les Landes de Gascogne,354 €
Les Trois Forêts,481 €
Le Lac d'Ailette,345 €
Les Bois-Francs,258 €
Les Hauts de Bruyères,319 €
Le Bois aux Daims,339 €
Villages Nature® Paris,396 €
Les Landes de Gascogne,354 €
Les Trois Forêts,481 €
Le Lac d'Ailette,345 €
Les Bois-Francs,258 €
Les Hauts de Bruyères,319 €
Le Bois aux Daims,339 €
Villages Nature® Paris,396 €
Les Landes de Gascogne,354 €
Les Trois Forêts,481 €
Le Lac d'Ailette,345 €
Les Bois-Francs,258 €
Les Hauts de Bruyères,319 €
Le Bois aux Daims,339 €
Villages Nature® Paris,396 €
Les Landes de Gascogne,354 €
Les Trois Forêts,481 €
Le Lac d'Ailette,345 €
Les Bois-Francs,258 €
Les Hauts de Bruyères,319 €
Le Bois aux Daims,339 €
Villages Nature® Paris,396 €
Les Landes de Gascogne,354 €
Les Trois Forêts,481 €
Le Lac d'Ailette,345 €
Les Bois-Francs,258 €
Les Hauts de Bruyères,319 €
Le Bois aux Daims,339 €
Villages Nature® Paris,396 €
Les Landes de Gascogne,354 €
Les Trois Forêts,481 €
Le Lac d'Ailette,345 €
Les Bois-Francs,258 €
Les Hauts de Bruyères,319 €
Le Bois aux Daims,339 €
Villages Nature® Paris,396 €
Les Landes de Gascogne,354 €
Les Trois Forêts,481 €
Le Lac d'Ailette,345 €
Les Bois-Francs,258 €
Les Hauts de Bruyères,319 €
Le Bois aux Daims,339 €
Villages Nature® Paris,396 €
Les Landes de Gascogne,354 €
Les Trois Forêts,481 €
Le Lac d'Ailette,345 €
Les Bois-Francs,258 €
Les Hauts de Bruyères,319 €
Le Bois aux Daims,339 €
Villages Nature® Paris,396 €
Les Landes de Gascogne,354 €
Les Trois Forêts,481 €
Le Lac d'Ailette,345 €
Les Bois-Francs,258 €
Les Hauts de Bruyères,319 €
Le Bois aux Daims,339 €
Villages Nature® Paris,396 €
Le Bois aux Daims,2369 €
Les Trois Forêts,4309 €
Les Trois Forêts,3959 €
Les Trois Forêts,1437 €
Le Lac d'Ailette,1770 €
Les Hauts de Bruyères,1819 €
Le Bois aux Daims,1719 €
Villages Nature® Paris,1159 €
Villages Nature® Paris,1089 €
Les Trois Forêts,1319 €
Le Lac d'Ailette,1849 €
Les Hauts de Bruyères,1559 €
Le Bois aux Daims,1689 €
Villages Nature® Paris,1019 €
Les Trois Forêts,1259 €
Le Lac d'Ailette,1859 €
Les Bois-Francs,1569 €
Les Hauts de Bruyères,1419 €
Le Bois aux Daims,1669 €
Villages Nature® Paris,949 €
Les Trois Forêts,1219 €
Le Lac d'Ailette,1199 €
Les Bois-Francs,689 €
Les Hauts de Bruyères,1549 €
Le Bois aux Daims,1559 €
Villages Nature® Paris,859 €
Les Trois Forêts,1239 €
Le Lac d'Ailette,1289 €
Les Bois-Francs,719 €
Les Hauts de Bruyères,1609 €
Le Bois aux Daims,1599 €
Villages Nature® Paris,849 €
Les Landes de Gascogne,1475 €
Les Trois Forêts,1272 €
Le Lac d'Ailette,1449 €
Les Bois-Francs,789 €
Les Hauts de Bruyères,1736 €
Le Bois aux Daims,1324 €
Villages Nature® Paris,814 €
Les Bois-Francs,729 €
Villages Nature® Paris,789 €
Les Trois Forêts,1139 €
Le Lac d'Ailette,1129 €
Les Bois-Francs,679 €
Les Hauts de Bruyères,1489 €
Le Bois aux Daims,1329 €
Villages Nature® Paris,769 €
Les Landes de Gascogne,4189 €
Les Trois Forêts,1079 €
Le Lac d'Ailette,969 €
Les Bois-Francs,619 €
Les Hauts de Bruyères,1409 €
Le Bois aux Daims,1149 €
Villages Nature® Paris,739 €
Les Landes de Gascogne,3129 €
Les Trois Forêts,1039 €
Le Lac d'Ailette,749 €
Les Bois-Francs,529 €
Les Hauts de Bruyères,949 €
Le Bois aux Daims,859 €
Villages Nature® Paris,679 €
Les Landes de Gascogne,2499 €
Les Trois Forêts,909 €
Le Lac d'Ailette,689 €
Les Bois-Francs,499 €
Les Hauts de Bruyères,829 €
Le Bois aux Daims,759 €
Villages Nature® Paris,639 €
Les Landes de Gascogne,1212 €
Les Trois Forêts,643 €
Le Lac d'Ailette,571 €
Les Bois-Francs,441 €
Les Hauts de Bruyères,463 €
Le Bois aux Daims,539 €
Villages Nature® Paris,568 €
Les Bois-Francs,419 €
Villages Nature® Paris,579 €
Les Trois Forêts,639 €
Le Lac d'Ailette,539 €
Les Bois-Francs,399 €
Les Hauts de Bruyères,479 €
Le Bois aux Daims,529 €
Villages Nature® Paris,589 €
Les Landes de Gascogne,759 €
Les Trois Forêts,639 €
Le Lac d'Ailette,529 €
Les Bois-Francs,369 €
Les Hauts de Bruyères,479 €
Le Bois aux Daims,529 €
Villages Nature® Paris,609 €
Les Landes de Gascogne,579 €
Les Trois Forêts,629 €
Le Lac d'Ailette,479 €
Les Bois-Francs,339 €
Les Hauts de Bruyères,469 €
Le Bois aux Daims,489 €
Villages Nature® Paris,569 €
Les Landes de Gascogne,659 €
Les Trois Forêts,629 €
Le Lac d'Ailette,449 €
Les Bois-Francs,329 €
Les Hauts de Bruyères,439 €
Le Bois aux Daims,449 €
Villages Nature® Paris,529 €
N,e,w, ,r,o,u,n,d, ,o,f, ,s,t,a,y,s
Les Landes de Gascogne,449 €
Les Trois Forêts,539 €
Le Lac d'Ailette,429 €
Les Bois-Francs,279 €
Les Hauts de Bruyères,389 €
Le Bois aux Daims,419 €
Villages Nature® Paris,449 €
Les Landes de Gascogne,449 €
Les Trois Forêts,539 €
Le Lac d'Ailette,429 €
Les Bois-Francs,279 €
Les Hauts de Bruyères,389 €
Le Bois aux Daims,419 €
Villages Nature® Paris,449 €
Les Landes de Gascogne,449 €
Les Trois Forêts,539 €
Le Lac d'Ailette,429 €
Les Bois-Francs,279 €
Les Hauts de Bruyères,389 €
Le Bois aux Daims,419 €
Villages Nature® Paris,449 €
Les Landes de Gascogne,449 €
Les Trois Forêts,539 €
Le Lac d'Ailette,429 €
Les Bois-Francs,279 €
Les Hauts de Bruyères,389 €
Le Bois aux Daims,419 €
Villages Nature® Paris,449 €
Les Landes de Gascogne,449 €
Les Trois Forêts,539 €
Le Lac d'Ailette,429 €
Les Bois-Francs,279 €
Les Hauts de Bruyères,389 €
Le Bois aux Daims,419 €
Villages Nature® Paris,449 €
Les Landes de Gascogne,449 €
Les Trois Forêts,539 €
Le Lac d'Ailette,429 €
Les Bois-Francs,279 €
Les Hauts de Bruyères,389 €
Le Bois aux Daims,419 €
Villages Nature® Paris,449 €
Les Landes de Gascogne,449 €
Les Trois Forêts,539 €
Le Lac d'Ailette,429 €
Les Bois-Francs,279 €
Les Hauts de Bruyères,389 €
Le Bois aux Daims,419 €
Villages Nature® Paris,449 €
Les Landes de Gascogne,449 €
Les Trois Forêts,539 €
Le Lac d'Ailette,429 €
Les Bois-Francs,279 €
Les Hauts de Bruyères,389 €
Le Bois aux Daims,419 €
Villages Nature® Paris,449 €
Les Landes de Gascogne,449 €
Les Trois Forêts,539 €
Le Lac d'Ailette,429 €
Les Bois-Francs,279 €
Les Hauts de Bruyères,389 €
Le Bois aux Daims,419 €
Villages Nature® Paris,449 €
Les Landes de Gascogne,449 €
Les Trois Forêts,539 €
Le Lac d'Ailette,429 €
Les Bois-Francs,279 €
Les Hauts de Bruyères,389 €
Le Bois aux Daims,419 €
Villages Nature® Paris,449 €
Les Trois Forêts,5169 €
Les Trois Forêts,4819 €
Villages Nature® Paris,1389 €
Les Trois Forêts,1689 €
Le Lac d'Ailette,2319 €
Les Hauts de Bruyères,2029 €
Le Bois aux Daims,2139 €
Villages Nature® Paris,1319 €
Les Trois Forêts,1629 €
Le Lac d'Ailette,2339 €
Les Hauts de Bruyères,1889 €
Le Bois aux Daims,2119 €
Villages Nature® Paris,1249 €
Les Trois Forêts,1589 €
Les Hauts de Bruyères,2029 €
Le Bois aux Daims,2109 €
Villages Nature® Paris,1159 €
Les Trois Forêts,1229 €
Le Lac d'Ailette,1249 €
Les Bois-Francs,709 €
Les Hauts de Bruyères,1589 €
Le Bois aux Daims,1589 €
Villages Nature® Paris,849 €
Les Trois Forêts,1239 €
Le Lac d'Ailette,1319 €
Les Bois-Francs,739 €
Les Hauts de Bruyères,1639 €
Le Bois aux Daims,1619 €
Villages Nature® Paris,839 €
Les Bois-Francs,939 €
Villages Nature® Paris,999 €
Les Trois Forêts,1469 €
Le Lac d'Ailette,1499 €
Les Bois-Francs,879 €
Les Hauts de Bruyères,2529 €
Le Bois aux Daims,1769 €
Villages Nature® Paris,979 €
Les Landes de Gascogne,5579 €
Les Trois Forêts,1409 €
Le Lac d'Ailette,1339 €
Les Bois-Francs,819 €
Les Hauts de Bruyères,1839 €
Le Bois aux Daims,1589 €
Villages Nature® Paris,949 €
Les Landes de Gascogne,4519 €
Les Trois Forêts,1369 €
Le Lac d'Ailette,1119 €
Les Bois-Francs,739 €
Les Hauts de Bruyères,1539 €
Le Bois aux Daims,1299 €
Villages Nature® Paris,889 €
Les Landes de Gascogne,2749 €
Les Trois Forêts,1029 €
Le Lac d'Ailette,709 €
Les Bois-Francs,519 €
Les Hauts de Bruyères,849 €
Le Bois aux Daims,799 €
Villages Nature® Paris,659 €
Les Landes de Gascogne,2219 €
Les Trois Forêts,859 €
Le Lac d'Ailette,669 €
Les Bois-Francs,489 €
Les Hauts de Bruyères,759 €
Le Bois aux Daims,709 €
Villages Nature® Paris,629 €
Les Bois-Francs,419 €
Villages Nature® Paris,579 €
Les Trois Forêts,639 €
Le Lac d'Ailette,549 €
Les Bois-Francs,409 €
Les Hauts de Bruyères,469 €
Le Bois aux Daims,529 €
Villages Nature® Paris,589 €
Les Landes de Gascogne,1599 €
Les Trois Forêts,639 €
Le Lac d'Ailette,539 €
Les Bois-Francs,389 €
Les Hauts de Bruyères,479 €
Le Bois aux Daims,529 €
Villages Nature® Paris,599 €
Les Landes de Gascogne,719 €
Les Trois Forêts,639 €
Le Lac d'Ailette,499 €
Les Bois-Francs,359 €
Les Hauts de Bruyères,469 €
Le Bois aux Daims,499 €
Villages Nature® Paris,569 €
Les Landes de Gascogne,679 €
Les Trois Forêts,629 €
Le Lac d'Ailette,459 €
Les Bois-Francs,339 €
Les Hauts de Bruyères,449 €
Le Bois aux Daims,469 €
Villages Nature® Paris,549 €
Les Landes de Gascogne,629 €
Les Trois Forêts,619 €
Le Lac d'Ailette,439 €
Les Bois-Francs,329 €
Les Hauts de Bruyères,429 €
Le Bois aux Daims,439 €
Villages Nature® Paris,719 €
N,e,w, ,r,o,u,n,d, ,o,f, ,s,t,a,y,s
Les Landes de Gascogne,539 €
Les Trois Forêts,659 €
Le Lac d'Ailette,519 €
Les Bois-Francs,339 €
Les Hauts de Bruyères,459 €
Le Bois aux Daims,499 €
Villages Nature® Paris,579 €
Les Landes de Gascogne,539 €
Les Trois Forêts,659 €
Le Lac d'Ailette,519 €
Les Bois-Francs,339 €
Les Hauts de Bruyères,459 €
Le Bois aux Daims,499 €
Villages Nature® Paris,579 €
Les Landes de Gascogne,539 €
Les Trois Forêts,659 €
Le Lac d'Ailette,519 €
Les Bois-Francs,339 €
Les Hauts de Bruyères,459 €
Le Bois aux Daims,499 €
Villages Nature® Paris,579 €
Les Landes de Gascogne,539 €
Les Trois Forêts,659 €
Le Lac d'Ailette,519 €
Les Bois-Francs,339 €
Les Hauts de Bruyères,459 €
Le Bois aux Daims,499 €
Villages Nature® Paris,579 €
Les Landes de Gascogne,539 €
Les Trois Forêts,659 €
Le Lac d'Ailette,519 €
Les Bois-Francs,339 €
Les Hauts de Bruyères,459 €
Le Bois aux Daims,499 €
Villages Nature® Paris,579 €
Les Landes de Gascogne,539 €
Les Trois Forêts,659 €
Le Lac d'Ailette,519 €
Les Bois-Francs,339 €
Les Hauts de Bruyères,459 €
Le Bois aux Daims,499 €
Villages Nature® Paris,579 €
Les Landes de Gascogne,539 €
Les Trois Forêts,659 €
Le Lac d'Ailette,519 €
Les Bois-Francs,339 €
Les Hauts de Bruyères,459 €
Le Bois aux Daims,499 €
Villages Nature® Paris,579 €
Les Landes de Gascogne,539 €
Les Trois Forêts,659 €
Le Lac d'Ailette,519 €
Les Bois-Francs,339 €
Les Hauts de Bruyères,459 €
Le Bois aux Daims,499 €
Villages Nature® Paris,579 €
Les Landes de Gascogne,539 €
Les Trois Forêts,659 €
Le Lac d'Ailette,519 €
Les Bois-Francs,339 €
Les Hauts de Bruyères,459 €
Le Bois aux Daims,499 €
Villages Nature® Paris,579 €
Les Landes de Gascogne,539 €
Les Trois Forêts,659 €
Le Lac d'Ailette,519 €
Les Bois-Francs,339 €
Les Hauts de Bruyères,459 €
Le Bois aux Daims,499 €
Villages Nature® Paris,579 €
Les Trois Forêts,6149 €
Les Trois Forêts,5789 €
Les Trois Forêts,2109 €
Le Lac d'Ailette,2849 €
Les Hauts de Bruyères,2559 €
Le Bois aux Daims,2639 €
Villages Nature® Paris,1649 €
Les Trois Forêts,2049 €
Le Lac d'Ailette,2869 €
Les Hauts de Bruyères,2409 €
Le Bois aux Daims,2619 €
Villages Nature® Paris,1579 €
Les Trois Forêts,1999 €
Les Hauts de Bruyères,2559 €
Le Bois aux Daims,2609 €
Villages Nature® Paris,1489 €
Les Trois Forêts,1959 €
Les Hauts de Bruyères,2539 €
Le Bois aux Daims,2589 €
Villages Nature® Paris,1399 €
Les Trois Forêts,1519 €
Le Lac d'Ailette,1579 €
Les Bois-Francs,889 €
Les Hauts de Bruyères,1989 €
Le Bois aux Daims,1979 €
Villages Nature® Paris,1039 €
Les Trois Forêts,1539 €
Le Lac d'Ailette,1649 €
Les Bois-Francs,919 €
Les Hauts de Bruyères,2039 €
Le Bois aux Daims,2009 €
Villages Nature® Paris,1029 €
Les Trois Forêts,1839 €
Le Lac d'Ailette,1919 €
Les Bois-Francs,1109 €
Le Bois aux Daims,2249 €
Villages Nature® Paris,1219 €
Les Landes de Gascogne,7189 €
Les Trois Forêts,1769 €
Le Lac d'Ailette,1749 €
Les Bois-Francs,1049 €
Les Hauts de Bruyères,2739 €
Le Bois aux Daims,2069 €
Villages Nature® Paris,1189 €
Les Landes de Gascogne,6089 €
Les Trois Forêts,1729 €
Le Lac d'Ailette,1519 €
Les Bois-Francs,959 €
Les Hauts de Bruyères,2009 €
Le Bois aux Daims,1769 €
Villages Nature® Paris,1129 €
Les Landes de Gascogne,4989 €
Les Trois Forêts,1689 €
Le Lac d'Ailette,1299 €
Les Bois-Francs,869 €
Les Hauts de Bruyères,1699 €
Le Bois aux Daims,1469 €
Villages Nature® Paris,1059 €
Les Landes de Gascogne,3069 €
Les Trois Forêts,1189 €
Le Lac d'Ailette,849 €
Les Bois-Francs,619 €
Les Hauts de Bruyères,969 €
Le Bois aux Daims,929 €
Villages Nature® Paris,789 €
Les Landes de Gascogne,2549 €
Les Trois Forêts,1009 €
Le Lac d'Ailette,799 €
Les Bois-Francs,589 €
Les Hauts de Bruyères,879 €
Le Bois aux Daims,839 €
Villages Nature® Paris,759 €
Les Trois Forêts,789 €
Le Lac d'Ailette,679 €
Les Bois-Francs,509 €
Les Hauts de Bruyères,579 €
Le Bois aux Daims,659 €
Villages Nature® Paris,719 €
Les Landes de Gascogne,1889 €
Les Trois Forêts,789 €
Le Lac d'Ailette,669 €
Les Bois-Francs,489 €
Les Hauts de Bruyères,589 €
Le Bois aux Daims,659 €
Villages Nature® Paris,729 €
Les Landes de Gascogne,1859 €
Les Trois Forêts,779 €
Le Lac d'Ailette,629 €
Les Bois-Francs,459 €
Les Hauts de Bruyères,569 €
Le Bois aux Daims,619 €
Villages Nature® Paris,709 €
Les Landes de Gascogne,849 €
Les Trois Forêts,779 €
Le Lac d'Ailette,589 €
Les Bois-Francs,429 €
Les Hauts de Bruyères,559 €
Le Bois aux Daims,589 €
Villages Nature® Paris,679 €
Les Landes de Gascogne,809 €
Les Trois Forêts,769 €
Le Lac d'Ailette,559 €
Les Bois-Francs,409 €
Les Hauts de Bruyères,539 €
Le Bois aux Daims,559 €
Villages Nature® Paris,919 €
Les Landes de Gascogne,759 €
Les Trois Forêts,769 €
Le Lac d'Ailette,529 €
Les Bois-Francs,399 €
Les Hauts de Bruyères,519 €
Le Bois aux Daims,529 €
Villages Nature® Paris,859 €
N,e,w, ,r,o,u,n,d, ,o,f, ,s,t,a,y,s
Les Landes de Gascogne,569 €
Les Trois Forêts,637 €
Le Lac d'Ailette,549 €
Les Bois-Francs,359 €
Les Hauts de Bruyères,489 €
Le Bois aux Daims,529 €
Villages Nature® Paris,619 €
Les Landes de Gascogne,569 €
Les Trois Forêts,637 €
Le Lac d'Ailette,549 €
Les Bois-Francs,359 €
Les Hauts de Bruyères,489 €
Le Bois aux Daims,529 €
Villages Nature® Paris,619 €
Les Landes de Gascogne,569 €
Les Trois Forêts,637 €
Le Lac d'Ailette,549 €
Les Bois-Francs,359 €
Les Hauts de Bruyères,489 €
Le Bois aux Daims,529 €
Villages Nature® Paris,619 €
Les Landes de Gascogne,569 €
Les Trois Forêts,637 €
Le Lac d'Ailette,549 €
Les Bois-Francs,359 €
Les Hauts de Bruyères,489 €
Le Bois aux Daims,529 €
Villages Nature® Paris,619 €
Les Landes de Gascogne,569 €
Les Trois Forêts,637 €
Le Lac d'Ailette,549 €
Les Bois-Francs,359 €
Les Hauts de Bruyères,489 €
Le Bois aux Daims,529 €
Villages Nature® Paris,619 €
Les Landes de Gascogne,569 €
Les Trois Forêts,637 €
Le Lac d'Ailette,549 €
Les Bois-Francs,359 €
Les Hauts de Bruyères,489 €
Le Bois aux Daims,529 €
Villages Nature® Paris,619 €
Les Landes de Gascogne,569 €
Les Trois Forêts,637 €
Le Lac d'Ailette,549 €
Les Bois-Francs,359 €
Les Hauts de Bruyères,489 €
Le Bois aux Daims,529 €
Villages Nature® Paris,619 €
Les Landes de Gascogne,569 €
Les Trois Forêts,637 €
Le Lac d'Ailette,549 €
Les Bois-Francs,359 €
Les Hauts de Bruyères,489 €
Le Bois aux Daims,529 €
Villages Nature® Paris,619 €
Les Landes de Gascogne,569 €
Les Trois Forêts,637 €
Le Lac d'Ailette,549 €
Les Bois-Francs,359 €
Les Hauts de Bruyères,489 €
Le Bois aux Daims,529 €
Villages Nature® Paris,619 €
Les Landes de Gascogne,569 €
Les Trois Forêts,637 €
Le Lac d'Ailette,549 €
Les Bois-Francs,359 €
Les Hauts de Bruyères,489 €
Le Bois aux Daims,529 €
Villages Nature® Paris,619 €
Les Trois Forêts,6912 €
Les Trois Forêts,1928 €
Le Lac d'Ailette,2341 €
Les Hauts de Bruyères,2180 €
Le Bois aux Daims,2162 €
Villages Nature® Paris,1486 €
Les Trois Forêts,2379 €
Les Hauts de Bruyères,3039 €
Le Bois aux Daims,3049 €
Villages Nature® Paris,1789 €
Les Trois Forêts,2329 €
Les Hauts de Bruyères,3009 €
Le Bois aux Daims,3039 €
Villages Nature® Paris,1699 €
Les Trois Forêts,2289 €
Les Hauts de Bruyères,2979 €
Le Bois aux Daims,3019 €
Villages Nature® Paris,1609 €
Les Trois Forêts,1549 €
Le Lac d'Ailette,1639 €
Les Bois-Francs,919 €
Les Hauts de Bruyères,2039 €
Le Bois aux Daims,1749 €
Villages Nature® Paris,1049 €
Les Trois Forêts,1749 €
Le Lac d'Ailette,1819 €
Les Bois-Francs,1029 €
Les Hauts de Bruyères,2439 €
Le Bois aux Daims,2209 €
Villages Nature® Paris,1179 €
Les Landes de Gascogne,6456 €
Les Trois Forêts,1506 €
Le Lac d'Ailette,1421 €
Les Bois-Francs,719 €
Les Hauts de Bruyères,2171 €
Le Bois aux Daims,1729 €
Villages Nature® Paris,1471 €
Les Landes de Gascogne,7499 €
Les Trois Forêts,2059 €
Le Lac d'Ailette,1899 €
Les Bois-Francs,1159 €
Les Hauts de Bruyères,2899 €
Le Bois aux Daims,2209 €
Villages Nature® Paris,1339 €
Les Landes de Gascogne,6399 €
Les Trois Forêts,2019 €
Le Lac d'Ailette,1669 €
Les Bois-Francs,1069 €
Les Hauts de Bruyères,2129 €
Le Bois aux Daims,1909 €
Villages Nature® Paris,1269 €
Les Landes de Gascogne,5299 €
Les Trois Forêts,1969 €
Le Lac d'Ailette,1449 €
Les Bois-Francs,979 €
Les Hauts de Bruyères,1829 €
Le Bois aux Daims,1609 €
Villages Nature® Paris,1209 €
Les Landes de Gascogne,2869 €
Les Trois Forêts,1149 €
Le Lac d'Ailette,839 €
Les Bois-Francs,619 €
Les Hauts de Bruyères,919 €
Le Bois aux Daims,909 €
Villages Nature® Paris,789 €
Les Landes de Gascogne,2919 €
Les Trois Forêts,1139 €
Le Lac d'Ailette,909 €
Les Bois-Francs,669 €
Les Hauts de Bruyères,939 €
Le Bois aux Daims,949 €
Villages Nature® Paris,889 €
Les Landes de Gascogne,1849 €
Les Trois Forêts,799 €
Le Lac d'Ailette,679 €
Les Bois-Francs,499 €
Les Hauts de Bruyères,589 €
Le Bois aux Daims,669 €
Villages Nature® Paris,739 €
Les Landes de Gascogne,2109 €
Les Trois Forêts,919 €
Le Lac d'Ailette,749 €
Les Bois-Francs,549 €
Les Hauts de Bruyères,669 €
Le Bois aux Daims,729 €
Villages Nature® Paris,819 €
Les Landes de Gascogne,2089 €
Les Trois Forêts,909 €
Le Lac d'Ailette,709 €
Les Bois-Francs,529 €
Les Hauts de Bruyères,649 €
Le Bois aux Daims,699 €
Villages Nature® Paris,799 €
Les Landes de Gascogne,959 €
Les Trois Forêts,899 €
Le Lac d'Ailette,669 €
Les Bois-Francs,499 €
Les Hauts de Bruyères,639 €
Le Bois aux Daims,669 €
Villages Nature® Paris,1089 €
Les Landes de Gascogne,799 €
Les Trois Forêts,779 €
Le Lac d'Ailette,549 €
Les Bois-Francs,409 €
Les Hauts de Bruyères,539 €
Le Bois aux Daims,549 €
Villages Nature® Paris,909 €
Les Landes de Gascogne,969 €
Les Trois Forêts,879 €
Le Lac d'Ailette,649 €
Les Bois-Francs,479 €
Les Hauts de Bruyères,629 €
Le Bois aux Daims,639 €
Villages Nature® Paris,1019 €
N,e,w, ,r,o,u,n,d, ,o,f, ,s,t,a,y,s
